id,name,position,school,nationality,height,weight,wingspan,age,tier,ranking,stats,analysis,strengths,weaknesses,image,displayinfo,created_at,displayInfo,draftClass,eligibilityStatus,verified,region,team,trending,ranking_espn,ranking_247,scouting_grade_espn,ppg,apg,rpg,fg_pct,three_pct,ft_pct,bpg,spg,high_school_team,comparison,scope,source,last_verified_at,api_basketball_id,games_played,total_points,total_field_goal_attempts,two_pt_makes,two_pt_attempts,three_pt_makes,three_pt_attempts,ft_makes,ft_attempts,total_rebounds,total_assists,minutes_played,turnovers,total_blocks,total_steals,ts_percent,efg_percent,orb_percent,drb_percent,trb_percent,ast_percent,tov_percent,stl_percent,blk_percent,usg_percent,total_s_percent,ppr,pp_s,ortg,drtg,win_shares,vorp,bpm,athleticism,strength,speed,shooting,ball_handling,defense,basketball_iq,leadership,improvement,competition_level,coachability,work_ethic,draft_class,per,games_started,motor,badges,ncaa_raw_stats,conference,league
5e3f7857-4613-428e-aa1a-4a05bd9d2885,Michael Porter Jr.,SF,,,"{""us"":""6'10\""""}",,"7'0.25\""",20,,,,,,,,,2025-08-08 23:25:19.057766+00,,,,,,,,5,2,,10,0.3,6.7,0.333,0.3,0.778,0.3,1,,,,,2025-08-08 23:25:19.057766+00,,3,,,,,3,10,7,9,,,,,,,0.383,,5,,12,2,0,2,1,23.6,,,,,,0,,-6.2,,,,,,,,,,,,,2018,9.4,,,[],,,NCAA
aj-dybantsa-espn-2025,AJ Dybantsa,SF,Utah Prep,ğŸ‡ºğŸ‡¸,"{""us"":""6'8"",""intl"":203}","{""us"":195,""intl"":88}",,17,,1,{},,"[""Elite scoring ability at all three levels"",""Exceptional size and fluidity for a wing"",""Advanced handle and playmaking vision"",""High basketball IQ""]","[""Needs to add significant strength"",""Can be inconsistent with defensive effort"",""Shot selection can be questionable at times""]",,,2025-07-26 19:58:00.598164+00,{},2026,High School prospect - Draft Eligible 2026,false,USA,Utah Prep,stable,,,,,,,,0.385,,1.8,2.1,Utah Prep,Kevin Durant,NBA_DRAFT,,2025-07-30 16:21:46.503949+00,,,,,,,,,,,,,,,,,,,,,,,,,,,,,,,,,,,,,,,,,,,,,,,,,,,[],,,
alec-blair-2025,Alec Blair,SF,Gonzaga Prep (WA),ğŸ‡ºğŸ‡¸,"{""us"":""6'6"",""intl"":198}","{""us"":190,""intl"":86}",,,,31,{},,[],"[""InexperiÃªncia""]",,,2025-07-26 19:58:00.598164+00,{},2026,High School prospect - Draft Eligible 2026,false,USA,Gonzaga Prep (WA),stable,,,,,,,,0.438,,0.6,1.8,Gonzaga Prep (WA),,NBA_DRAFT,,2025-07-30 16:21:46.503949+00,,,,,,,,,,,,,,,,,,,,,,,,,,,,,,,,,,,,,,,,,,,,,,,,,,,[],,,
aleks-alston-2025,Aleks Alston,PF,Huntington Prep (WV),ğŸ‡ºğŸ‡¸,N/A,N/A,,,,45,{},,[],"[""InexperiÃªncia""]",,,2025-07-26 19:58:00.598164+00,{},2026,High School prospect - Draft Eligible 2026,false,USA,Huntington Prep (WV),stable,,,,,,,,0.298,,2.1,1.4,Huntington Prep (WV),,NBA_DRAFT,,2025-07-30 16:21:46.503949+00,,,,,,,,,,,,,,,,,,,,,,,,,,,,,,,,,,,,,,,,,,,,,,,,,,,[],,,
alexander-lloyd-2025,Alexander Lloyd,SG,Montverde Academy (FL),ğŸ‡ºğŸ‡¸,"{""us"":""6'4"",""intl"":193}","{""us"":180,""intl"":82}",,,,24,{},,[],"[""InexperiÃªncia""]",,,2025-07-26 19:58:00.598164+00,{},2026,High School prospect - Draft Eligible 2026,false,USA,Montverde Academy (FL),stable,,,,,,,,0.378,,0.3,1.9,Montverde Academy (FL),,NBA_DRAFT,,2025-07-30 16:21:46.503949+00,,,,,,,,,,,,,,,,,,,,,,,,,,,,,,,,,,,,,,,,,,,,,,,,,,,[],,,
alijah-arenas-espn-2025,Alijah Arenas,SG,Chatsworth (CA),ğŸ‡ºğŸ‡¸,N/A,N/A,,,,7,{},,[],"[""InexperiÃªncia""]",,,2025-07-26 19:58:00.598164+00,{},2026,High School prospect - Draft Eligible 2026,false,USA,Chatsworth (CA),stable,,,,,,,,0.389,,0.6,2.4,Chatsworth (CA),,NBA_DRAFT,,2025-07-30 16:21:46.503949+00,,,,,,,,,,,,,,,,,,,,,,,,,,,,,,,,,,,,,,,,,,,,,,,,,,,[],,,
amare-bynum-2025,A'mare Bynum,PG,Sol Davis Prep (TX),ğŸ‡ºğŸ‡¸,"{""us"":""6'3"",""intl"":191}","{""us"":175,""intl"":79}",,,,34,{},,[],"[""InexperiÃªncia""]",,,2025-07-26 19:58:00.598164+00,{},2026,High School prospect - Draft Eligible 2026,false,USA,Sol Davis Prep (TX),stable,,,,,,,,0.389,,0.3,2.5,Sol Davis Prep (TX),,NBA_DRAFT,,2025-07-30 16:21:46.503949+00,,,,,,,,,,,,,,,,,,,,,,,,,,,,,,,,,,,,,,,,,,,,,,,,,,,[],,,
amari-evans-2025,Amari Evans,SG,Gonzaga Prep (WA),ğŸ‡ºğŸ‡¸,N/A,N/A,,,,46,{},,[],"[""InexperiÃªncia""]",,,2025-07-26 19:58:00.598164+00,{},2026,High School prospect - Draft Eligible 2026,false,USA,Gonzaga Prep (WA),stable,,,,,,,,0.412,,0.6,2.2,Gonzaga Prep (WA),,NBA_DRAFT,,2025-07-30 16:21:46.503949+00,,,,,,,,,,,,,,,,,,,,,,,,,,,,,,,,,,,,,,,,,,,,,,,,,,,[],,,
antione-west-2025,Antione West,PF,Wasatch Academy (UT),ğŸ‡ºğŸ‡¸,N/A,N/A,,,,56,{},,[],"[""InexperiÃªncia""]",,,2025-07-26 19:58:00.598164+00,{},2026,High School prospect - Draft Eligible 2026,false,USA,Wasatch Academy (UT),stable,,,,,,,,0.345,,1.4,1.6,Wasatch Academy (UT),,NBA_DRAFT,,2025-07-30 16:21:46.503949+00,,,,,,,,,,,,,,,,,,,,,,,,,,,,,,,,,,,,,,,,,,,,,,,,,,,[],,,
azavier-robinson-2025,Azavier Robinson,PF,Overtime Elite,ğŸ‡ºğŸ‡¸,N/A,N/A,,,,63,{},,[],"[""InexperiÃªncia""]",,,2025-07-26 19:58:00.598164+00,{},2026,High School prospect - Draft Eligible 2026,false,USA,Overtime Elite,stable,,,,,,,,0.334,,1.5,1.4,Overtime Elite,,NBA_DRAFT,,2025-07-30 16:21:46.503949+00,,,,,,,,,,,,,,,,,,,,,,,,,,,,,,,,,,,,,,,,,,,,,,,,,,,[],,,
brady-koehler-2025,Brady Koehler,PF,Montverde Academy (FL),ğŸ‡ºğŸ‡¸,N/A,N/A,,,,61,{},,[],"[""InexperiÃªncia""]",,,2025-07-26 19:58:00.598164+00,{},2026,High School prospect - Draft Eligible 2026,false,USA,Montverde Academy (FL),stable,,,,,,,,0.312,,1.9,1.3,Montverde Academy (FL),,NBA_DRAFT,,2025-07-30 16:21:46.503949+00,,,,,,,,,,,,,,,,,,,,,,,,,,,,,,,,,,,,,,,,,,,,,,,,,,,[],,,
braydon-hawthorne-2025,Braydon Hawthorne,SG,Oak Hill Academy (VA),ğŸ‡ºğŸ‡¸,N/A,N/A,,,,51,{},,[],"[""InexperiÃªncia""]",,,2025-07-26 19:58:00.598164+00,{},2026,High School prospect - Draft Eligible 2026,false,USA,Oak Hill Academy (VA),stable,,,,,,,,0.402,,0.3,2.4,Oak Hill Academy (VA),,NBA_DRAFT,,2025-07-30 16:21:46.503949+00,,,,,,,,,,,,,,,,,,,,,,,,,,,,,,,,,,,,,,,,,,,,,,,,,,,[],,,
braylon-mullins-espn-2025,Braylon Mullins,SG,Fishers (IN),ğŸ‡ºğŸ‡¸,"{""us"":""6'5"",""intl"":196}","{""us"":185,""intl"":84}",,,,16,{},,[],"[""InexperiÃªncia""]",,,2025-07-26 19:58:00.598164+00,{},2026,High School prospect - Draft Eligible 2026,false,USA,Fishers (IN),stable,,,,,,,,0.401,,0.8,2.6,Fishers (IN),,NBA_DRAFT,,2025-07-30 16:21:46.503949+00,,,,,,,,,,,,,,,,,,,,,,,,,,,,,,,,,,,,,,,,,,,,,,,,,,,[],,,
bryson-tiller-kansas-2025,Bryson Tiller,PF,Louisville Male (KY),ğŸ‡ºğŸ‡¸,"{""us"":""6'8"",""intl"":203}","{""us"":210,""intl"":95}",,,,12,{},,[],"[""InexperiÃªncia""]",,,2025-07-26 19:58:00.598164+00,{},2026,High School prospect - Draft Eligible 2026,false,USA,Louisville Male (KY),stable,,,,,,,,0.356,,1.9,1.8,Louisville Male (KY),,NBA_DRAFT,,2025-07-30 16:21:46.503949+00,,,,,,,,,,,,,,,,,,,,,,,,,,,,,,,,,,,,,,,,,,,,,,,,,,,[],,,
caleb-wilson-espn-2025,Caleb Wilson,PF,Holy Innocents' Episcopal School (GA),ğŸ‡ºğŸ‡¸,N/A,N/A,,,,70,{},,[],"[""InexperiÃªncia""]",,,2025-07-26 19:58:00.598164+00,{},2026,High School prospect - Draft Eligible 2026,false,USA,Holy Innocents' Episcopal School (GA),stable,,,,,,,,0.367,,1.9,1.4,Holy Innocents' Episcopal School (GA),,NBA_DRAFT,,2025-07-30 16:21:46.503949+00,,,,,,,,,,,,,,,,,,,,,,,,,,,,,,,,,,,,,,,,,,,,,,,,,,,[],,,
cameron-boozer-espn-2025,Cameron Boozer,PF,Christopher Columbus (FL),ğŸ‡ºğŸ‡¸,"{""us"":""6'9"",""intl"":206}","{""us"":215,""intl"":98}",,17,,2,{},,"[""High-motor, versatile forward"",""Excellent rebounder and interior defender"",""Advanced passer for his position"",""NBA lineage and high IQ""]","[""Not an elite vertical athlete"",""Perimeter shot is still developing"",""Can be foul-prone""]",,,2025-07-26 19:58:00.598164+00,{},2026,High School prospect - Draft Eligible 2026,false,USA,Christopher Columbus (FL),stable,,,,,,,,0.368,,2.4,1.6,Christopher Columbus (FL),Kevin Love,NBA_DRAFT,,2025-07-30 16:21:46.503949+00,,,,,,,,,,,,,,,,,,,,,,,,,,,,,,,,,,,,,,,,,,,,,,,,,,,[],,,
cayden-boozer-espn-2025,Cayden Boozer,PG,Christopher Columbus (FL),ğŸ‡ºğŸ‡¸,"{""us"":""6'4"",""intl"":193}","{""us"":190,""intl"":86}",,,,3,{},,[],"[""InexperiÃªncia""]",,,2025-07-26 19:58:00.598164+00,{},2026,High School prospect - Draft Eligible 2026,false,USA,Christopher Columbus (FL),stable,,,,,,,,0.421,,0.4,2.8,Christopher Columbus (FL),,NBA_DRAFT,,2025-07-30 16:21:46.503949+00,,,,,,,,,,,,,,,,,,,,,,,,,,,,,,,,,,,,,,,,,,,,,,,,,,,[],,,
chance-mallory-2025,Chance Mallory,PF,Overtime Elite,ğŸ‡ºğŸ‡¸,"{""us"":""6'7"",""intl"":201}","{""us"":200,""intl"":91}",,,,35,{},,[],"[""InexperiÃªncia""]",,,2025-07-26 19:58:00.598164+00,{},2026,High School prospect - Draft Eligible 2026,false,USA,Overtime Elite,stable,,,,,,,,0.356,,1.6,1.4,Overtime Elite,,NBA_DRAFT,,2025-07-30 16:21:46.503949+00,,,,,,,,,,,,,,,,,,,,,,,,,,,,,,,,,,,,,,,,,,,,,,,,,,,[],,,
chris-cenac-espn-2025,Chris Cenac Jr.,C,Link Academy (MO),ğŸ‡ºğŸ‡¸,N/A,N/A,,,,69,{},,[],"[""InexperiÃªncia""]",,,2025-07-26 19:58:00.598164+00,{},2026,High School prospect - Draft Eligible 2026,false,USA,Link Academy (MO),stable,,,,,,,,0.245,,4.1,1.1,Link Academy (MO),,NBA_DRAFT,,2025-07-30 16:21:46.503949+00,,,,,,,,,,,,,,,,,,,,,,,,,,,,,,,,,,,,,,,,,,,,,,,,,,,[],,,
chris-nwuli-2025,Chris Nwuli,PF,Link Academy (MO),ğŸ‡ºğŸ‡¸,"{""us"":""6'8"",""intl"":203}","{""us"":210,""intl"":95}",,,,29,{},,[],"[""InexperiÃªncia""]",,,2025-07-26 19:58:00.598164+00,{},2026,High School prospect - Draft Eligible 2026,false,USA,Link Academy (MO),stable,,,,,,,,0.298,,2.3,1.4,Link Academy (MO),,NBA_DRAFT,,2025-07-30 16:21:46.503949+00,,,,,,,,,,,,,,,,,,,,,,,,,,,,,,,,,,,,,,,,,,,,,,,,,,,[],,,
cornelius-ingram-espn-2025,Cornelius Ingram Jr.,SF,IMG Academy (FL),ğŸ‡ºğŸ‡¸,"{""us"":""6'7"",""intl"":201}","{""us"":200,""intl"":91}",,,,18,{},,[],"[""InexperiÃªncia""]",,,2025-07-26 19:58:00.598164+00,{},2026,High School prospect - Draft Eligible 2026,false,USA,IMG Academy (FL),stable,,,,,,,,0.349,,1.4,1.9,IMG Academy (FL),,NBA_DRAFT,,2025-07-30 16:21:46.503949+00,,,,,,,,,,,,,,,,,,,,,,,,,,,,,,,,,,,,,,,,,,,,,,,,,,,[],,,
d041ab08-5980-457e-a9b8-cb3def10300c,Jalen Brunson,PG,,,"{""us"":""6'1\""""}",,"6'4\""",22,,,,,,,,,2025-08-08 23:25:19.057766+00,,,,,,,,,,,18.9,4.6,3.1,0.521,0.408,0.802,0.1,0.9,,,,,2025-08-08 23:25:19.057766+00,,30,,,,,49,120,120,150,,,,,,,0.641,,1.5,,5.5,28,0.1,1.2,0.2,26.2,,,,,,8.8,,10.9,,,,,,,,,,,,,2018,29,,,[],,,NCAA
darius-acuff-espn-2025,Darius Acuff,PG,IMG Academy (FL),ğŸ‡ºğŸ‡¸,N/A,N/A,,,,66,{},,[],"[""InexperiÃªncia""]",,,2025-07-26 19:58:00.598164+00,{},2026,High School prospect - Draft Eligible 2026,false,USA,IMG Academy (FL),stable,7,5,,12.3,4.4,3.7,0.391,0.407,0.567,0,1.3,IMG Academy (FL),,NBA_DRAFT,,2025-07-30 16:21:46.503949+00,,26,319,312,85,221,37,91,38,67,95,114,864,93,1,33,0.464,,,,,,21.3,,,,,,,,,0.1,,,,,,,,,,,,,,,,,24,,[],"{""awards"":[""G""],""totals"":{""fg"":122,""ft"":38,""mp"":864,""pf"":53,""ast"":114,""blk"":1,""drb"":75,""fg2"":85,""fg3"":37,""fga"":312,""fta"":67,""orb"":20,""pos"":""G"",""pts"":319,""stl"":33,""tov"":93,""trb"":95,""fg2a"":221,""fg3a"":91,""class"":""FR"",""games"":26,""awards"":"""",""fg_pct"":0.391,""ft_pct"":0.567,""efg_pct"":0.45,""fg2_pct"":0.385,""fg3_pct"":0.407,""conf_abbr"":""OVC"",""games_started"":24,""team_name_abbr"":""Eastern Kentucky""},""perGame"":{""pos"":""G"",""class"":""FR"",""games"":26,""awards"":"""",""fg_pct"":0.391,""ft_pct"":0.567,""efg_pct"":0.45,""fg2_pct"":0.385,""fg3_pct"":0.407,""fg_per_g"":4.7,""ft_per_g"":1.5,""mp_per_g"":33.2,""pf_per_g"":2,""ast_per_g"":4.4,""blk_per_g"":0,""conf_abbr"":""OVC"",""drb_per_g"":2.9,""fg2_per_g"":3.3,""fg3_per_g"":1.4,""fga_per_g"":12,""fta_per_g"":2.6,""orb_per_g"":0.8,""pts_per_g"":12.3,""stl_per_g"":1.3,""tov_per_g"":3.6,""trb_per_g"":3.7,""fg2a_per_g"":8.5,""fg3a_per_g"":3.5,""games_started"":24,""team_name_abbr"":""Eastern Kentucky""},""perPoss"":{""mp"":864,""pos"":""G"",""class"":""FR"",""games"":26,""awards"":"""",""conf_abbr"":""OVC"",""games_started"":24,""team_name_abbr"":""Eastern Kentucky""},""advanced"":{""mp"":864,""ws"":0.1,""dws"":0,""ows"":0.2,""pos"":""G"",""class"":""FR"",""games"":26,""awards"":"""",""ts_pct"":0.464,""tov_pct"":21.3,""conf_abbr"":""OVC"",""ws_per_40"":0.007,""games_started"":24,""team_name_abbr"":""Eastern Kentucky"",""fta_per_fga_pct"":0.215,""fg3a_per_fga_pct"":0.292},""perMinute"":{""mp"":864,""pos"":""G"",""class"":""FR"",""games"":26,""awards"":"""",""fg_pct"":0.391,""ft_pct"":0.567,""efg_pct"":0.45,""fg2_pct"":0.385,""fg3_pct"":0.407,""conf_abbr"":""OVC"",""fg_per_min"":5.6,""ft_per_min"":1.8,""pf_per_min"":2.5,""ast_per_min"":5.3,""blk_per_min"":0,""drb_per_min"":3.5,""fg2_per_min"":3.9,""fg3_per_min"":1.7,""fga_per_min"":14.4,""fta_per_min"":3.1,""orb_per_min"":0.9,""pts_per_min"":14.8,""stl_per_min"":1.5,""tov_per_min"":4.3,""trb_per_min"":4.4,""fg2a_per_min"":10.2,""fg3a_per_min"":4.2,""games_started"":24,""team_name_abbr"":""Eastern Kentucky""}}",,
darryn-peterson-espn-2025,Darryn Peterson,SG,Huntington Prep (WV),ğŸ‡ºğŸ‡¸,"{""us"":""6'5"",""intl"":196}","{""us"":195,""intl"":88}",,17,,4,{},,"[""Explosive three-level scorer"",""NBA-ready body and athleticism"",""Excellent at creating his own shot"",""Tough shot-maker""]","[""Can be a bit of a ball-stopper"",""Defensive consistency needs improvement"",""Playmaking for others is a work in progress""]",,,2025-07-26 19:58:00.598164+00,{},2026,High School prospect - Draft Eligible 2026,false,USA,Huntington Prep (WV),stable,,,,,,,,0.398,,0.8,2.3,Huntington Prep (WV),Anthony Edwards,NBA_DRAFT,,2025-07-30 16:21:46.503949+00,,,,,,,,,,,,,,,,,,,,,,,,,,,,,,,,,,,,,,,,,,,,,,,,,,,[],,,
davis-fogle-rivals-2025,Davis Fogle,SG,Anacortes High School (WA),ğŸ‡ºğŸ‡¸,N/A,N/A,,,,23,{},,[],"[""InexperiÃªncia""]",,,2025-07-26 19:58:00.598164+00,{},2026,High School prospect - Draft Eligible 2026,false,USA,Anacortes High School (WA),stable,,,,,,,,0.423,,0.4,1.6,Anacortes High School (WA),,NBA_DRAFT,,2025-07-30 16:21:46.503949+00,,,,,,,,,,,,,,,,,,,,,,,,,,,,,,,,,,,,,,,,,,,,,,,,,,,[],,,
derek-dixon-rivals-2025,Derek Dixon,SG,Gonzaga College High School (DC),ğŸ‡ºğŸ‡¸,N/A,N/A,,,,78,{},,[],"[""InexperiÃªncia""]",,,2025-07-26 19:58:00.598164+00,{},2026,High School prospect - Draft Eligible 2026,false,USA,Gonzaga College High School (DC),stable,,,,,,,,0.412,,0.6,1.8,Gonzaga College High School (DC),,NBA_DRAFT,,2025-07-30 16:21:46.503949+00,,,,,,,,,,,,,,,,,,,,,,,,,,,,,,,,,,,,,,,,,,,,,,,,,,,[],,,
dewayne-brown-2025,Dewayne Brown,SG,IMG Academy (FL),ğŸ‡ºğŸ‡¸,N/A,N/A,,,,41,{},,[],"[""InexperiÃªncia""]",,,2025-07-26 19:58:00.598164+00,{},2026,High School prospect - Draft Eligible 2026,false,USA,IMG Academy (FL),stable,,,,,,,,0.391,,0.5,2.4,IMG Academy (FL),,NBA_DRAFT,,2025-07-30 16:21:46.503949+00,,,,,,,,,,,,,,,,,,,,,,,,,,,,,,,,,,,,,,,,,,,,,,,,,,,[],,,
dorian-jones-2025,Dorian Jones,SF,Brewster Academy (NH),ğŸ‡ºğŸ‡¸,N/A,N/A,,,,47,{},,[],"[""InexperiÃªncia""]",,,2025-07-26 19:58:00.598164+00,{},2026,High School prospect - Draft Eligible 2026,false,USA,Brewster Academy (NH),stable,,,,,,,,0.356,,1.1,1.9,Brewster Academy (NH),,NBA_DRAFT,,2025-07-30 16:21:46.503949+00,,,,,,,,,,,,,,,,,,,,,,,,,,,,,,,,,,,,,,,,,,,,,,,,,,,[],,,
dwayne-aristode-rivals-2025,Dwayne Aristode,SG,Brewster Academy (NH),ğŸ‡ºğŸ‡¸,N/A,N/A,,,,72,{},,[],"[""InexperiÃªncia""]",,,2025-07-26 19:58:00.598164+00,{},2026,High School prospect - Draft Eligible 2026,false,USA,Brewster Academy (NH),stable,,,,,,,,0.398,,0.7,1.8,Brewster Academy (NH),,NBA_DRAFT,,2025-07-30 16:21:46.503949+00,,,,,,,,,,,,,,,,,,,,,,,,,,,,,,,,,,,,,,,,,,,,,,,,,,,[],,,
ed90a6db-9c0e-4784-8759-8149a01d93d2,Luka DonÄiÄ‡,PG,,,"{""us"":""6'7\""""}",,"7'2\""",19,,,,,,,,,2025-08-08 23:25:19.057766+00,,,,,,,,3,3,,16,4.3,4.8,0.451,0.329,0.816,0,1.1,,,,,2025-08-08 23:25:19.057766+00,,30,,,,,49,150,82,100,,,,,,,0.589,,2,,8,25,0.15,1.5,0.5,26.1,,,,,,2.5,,5,,,,,,,,,,,,,2018,19.8,,,[],,,EuroLeague
eduardo-klafke-ncaa,Eduardo Klafke,SG,Ole Miss,ğŸ‡§ğŸ‡·,"{""us"":""6'5\"""",""metric"":196}",,,19,,,,,,,,,2025-08-03 06:17:29.196882+00,,2026,ElegÃ­vel,true,BRAZIL,Ole Miss,,,,,1.4,0.4,1.1,0.444,0.481,0.545,0.2,0.4,Ole Miss,,NBA_DRAFT,,2025-08-03 17:10:50.623201+00,,36,51,36,3,9,13,27,6,11,38,15,358,11,7,16,0.619,0.625,2.5,9.8,6.1,6.8,21.1,2.6,2.5,7.4,,,,112.1,105.9,0.7,,3.7,7,6,6,8,5,8,8,7,8,7,9,9,2026,8.3,0,9,[],"{""awards"":[""8""],""totals"":{""fg"":16,""ft"":6,""mp"":358,""pf"":36,""ast"":15,""blk"":7,""drb"":30,""fg2"":3,""fg3"":13,""fga"":36,""fta"":11,""orb"":8,""pos"":""G"",""pts"":51,""stl"":16,""tov"":11,""trb"":38,""fg2a"":9,""fg3a"":27,""class"":""FR"",""games"":36,""awards"":"""",""fg_pct"":0.444,""ft_pct"":0.545,""efg_pct"":0.625,""fg2_pct"":0.333,""fg3_pct"":0.481,""conf_abbr"":""SEC"",""games_started"":0,""team_name_abbr"":""Ole Miss""},""perGame"":{""pos"":""G"",""class"":""FR"",""games"":36,""awards"":"""",""fg_pct"":0.444,""ft_pct"":0.545,""efg_pct"":0.625,""fg2_pct"":0.333,""fg3_pct"":0.481,""fg_per_g"":0.4,""ft_per_g"":0.2,""mp_per_g"":9.9,""pf_per_g"":1,""ast_per_g"":0.4,""blk_per_g"":0.2,""conf_abbr"":""SEC"",""drb_per_g"":0.8,""fg2_per_g"":0.1,""fg3_per_g"":0.4,""fga_per_g"":1,""fta_per_g"":0.3,""orb_per_g"":0.2,""pts_per_g"":1.4,""stl_per_g"":0.4,""tov_per_g"":0.3,""trb_per_g"":1.1,""fg2a_per_g"":0.3,""fg3a_per_g"":0.8,""games_started"":0,""team_name_abbr"":""Ole Miss""},""perPoss"":{""mp"":358,""pos"":""G"",""class"":""FR"",""games"":36,""awards"":"""",""fg_pct"":0.444,""ft_pct"":0.545,""def_rtg"":105.9,""efg_pct"":0.625,""fg2_pct"":0.333,""fg3_pct"":0.481,""off_rtg"":112.1,""conf_abbr"":""SEC"",""fg_per_poss"":2.6,""ft_per_poss"":1,""pf_per_poss"":5.8,""ast_per_poss"":2.4,""blk_per_poss"":1.1,""drb_per_poss"":4.8,""fg2_per_poss"":0.5,""fg3_per_poss"":2.1,""fga_per_poss"":5.8,""fta_per_poss"":1.8,""orb_per_poss"":1.3,""pts_per_poss"":8.2,""stl_per_poss"":2.6,""tov_per_poss"":1.8,""trb_per_poss"":6.1,""fg2a_per_poss"":1.5,""fg3a_per_poss"":4.4,""games_started"":0,""team_name_abbr"":""Ole Miss""},""advanced"":{""mp"":358,""ws"":0.7,""bpm"":3.7,""dws"":0.5,""ows"":0.2,""per"":8.3,""pos"":""G"",""dbpm"":4,""obpm"":-0.3,""class"":""FR"",""games"":36,""pprod"":54,""awards"":"""",""ts_pct"":0.619,""ast_pct"":6.8,""blk_pct"":2.5,""drb_pct"":9.8,""orb_pct"":2.5,""stl_pct"":2.6,""tov_pct"":21.1,""trb_pct"":6.1,""usg_pct"":7.4,""conf_abbr"":""SEC"",""ws_per_40"":0.081,""games_started"":0,""team_name_abbr"":""Ole Miss"",""fta_per_fga_pct"":0.306,""fg3a_per_fga_pct"":0.75},""perMinute"":{""mp"":358,""pos"":""G"",""class"":""FR"",""games"":36,""awards"":"""",""fg_pct"":0.444,""ft_pct"":0.545,""efg_pct"":0.625,""fg2_pct"":0.333,""fg3_pct"":0.481,""conf_abbr"":""SEC"",""fg_per_min"":1.8,""ft_per_min"":0.7,""pf_per_min"":4,""ast_per_min"":1.7,""blk_per_min"":0.8,""drb_per_min"":3.4,""fg2_per_min"":0.3,""fg3_per_min"":1.5,""fga_per_min"":4,""fta_per_min"":1.2,""orb_per_min"":0.9,""pts_per_min"":5.7,""stl_per_min"":1.8,""tov_per_min"":1.2,""trb_per_min"":4.2,""fg2a_per_min"":1,""fg3a_per_min"":3,""games_started"":0,""team_name_abbr"":""Ole Miss""}}",,
elzie-harrington-2025,Elzie Harrington,SF,Prolific Prep (CA),ğŸ‡ºğŸ‡¸,N/A,N/A,,,,42,{},,[],"[""InexperiÃªncia""]",,,2025-07-26 19:58:00.598164+00,{},2026,High School prospect - Draft Eligible 2026,false,USA,Prolific Prep (CA),stable,,,,,,,,0.367,,0.9,1.8,Prolific Prep (CA),,NBA_DRAFT,,2025-07-30 16:21:46.503949+00,,,,,,,,,,,,,,,,,,,,,,,,,,,,,,,,,,,,,,,,,,,,,,,,,,,[],,,
eric-reibe-rivals-2025,Eric Reibe,C,Brewster Academy (NH),ğŸ‡©ğŸ‡ª,"{""us"":""6'11"",""intl"":211}","{""us"":230,""intl"":104}",,,,15,{},,[],"[""InexperiÃªncia""]",,,2025-07-26 19:58:00.598164+00,{},2026,High School prospect - Draft Eligible 2026,false,USA,Brewster Academy (NH),stable,,,,,,,,0.298,,3.4,0.9,Brewster Academy (NH),,NBA_DRAFT,,2025-07-30 16:21:46.503949+00,,,,,,,,,,,,,,,,,,,,,,,,,,,,,,,,,,,,,,,,,,,,,,,,,,,[],,,
gabriel-ferreira-ncaa,Gabriel Ferreira,PF,Radford University,ğŸ‡§ğŸ‡·,"{""us"":""6'9\"""",""metric"":206}",220 lbs,,19,,,,,"[""Excelente tamanho e atletismo para um ala/pivÃ´ moderno."",""Demonstra potencial de duas vias com forte capacidade de rebote, bloqueio de arremessos e versatilidade defensiva."",""Sua capacidade de \""espaÃ§ar a quadra como um ala\"" com 38% de aproveitamento nos arremessos de trÃªs pontos Ã© uma habilidade altamente cobiÃ§ada na NBA."",""Seu reconhecimento no BWB (All-Star, MVP Defensivo) sublinha seu talento e impacto.""]","[""Precisa continuar aprimorando seu jogo ofensivo geral e suas habilidades com a bola."",""Sua transiÃ§Ã£o para o basquete da DivisÃ£o I da NCAA em Radford serÃ¡ um teste crucial de sua adaptabilidade e capacidade de manter alta produÃ§Ã£o contra forte concorrÃªncia universitÃ¡ria.""]",,,2025-08-03 18:37:51.405917+00,,,ElegÃ­vel para o Draft de 2026,,,Radford University,,,,,15.5,1,10.1,0.5,0.38,0.824,1.6,1.4,Radford University,,,,2025-08-03 18:37:52.18+00,,,,,,,,,,,,,,0.8,,,,,,,,,,,,,,,,,,,,,8,7.5,7,,,,7,,,,,,2026,,,7,[],,,
hudson-greer-2025,Hudson Greer,PF,Prolific Prep (CA),ğŸ‡ºğŸ‡¸,"{""us"":""6'7"",""intl"":201}","{""us"":200,""intl"":91}",,,,26,{},,[],"[""InexperiÃªncia""]",,,2025-07-26 19:58:00.598164+00,{},2026,High School prospect - Draft Eligible 2026,false,USA,Prolific Prep (CA),stable,,,,,,,,0.345,,1.4,1.7,Prolific Prep (CA),,NBA_DRAFT,,2025-07-30 16:21:46.503949+00,,,,,,,,,,,,,,,,,,,,,,,,,,,,,,,,,,,,,,,,,,,,,,,,,,,[],,,
isaiah-sealy-2025,Isaiah Sealy,PF,Roselle Catholic (NJ),ğŸ‡ºğŸ‡¸,"{""us"":""6'8"",""intl"":203}","{""us"":210,""intl"":95}",,,,38,{},,[],"[""InexperiÃªncia""]",,,2025-07-26 19:58:00.598164+00,{},2026,High School prospect - Draft Eligible 2026,false,USA,Roselle Catholic (NJ),stable,,,,,,,,0.323,,2.1,1.5,Roselle Catholic (NJ),,NBA_DRAFT,,2025-07-30 16:21:46.503949+00,,,,,,,,,,,,,,,,,,,,,,,,,,,,,,,,,,,,,,,,,,,,,,,,,,,[],,,
isiah-harwell-espn-2025,Isiah Harwell,SF,Prolific Prep (CA),ğŸ‡ºğŸ‡¸,"{""us"":""6'6"",""intl"":198}","{""us"":200,""intl"":91}",,,,11,{},,[],"[""InexperiÃªncia""]",,,2025-07-26 19:58:00.598164+00,{},2026,High School prospect - Draft Eligible 2026,false,USA,Prolific Prep (CA),stable,,,,,,,,0.374,,1.2,2.1,Prolific Prep (CA),,NBA_DRAFT,,2025-07-30 16:21:46.503949+00,,,,,,,,,,,,,,,,,,,,,,,,,,,,,,,,,,,,,,,,,,,,,,,,,,,[],,,
jack-mccaffery-2025,Jack McCaffery,PG,Gonzaga Prep (WA),ğŸ‡ºğŸ‡¸,N/A,N/A,,,,57,{},,[],"[""InexperiÃªncia""]",,,2025-07-26 19:58:00.598164+00,{},2026,High School prospect - Draft Eligible 2026,false,USA,Gonzaga Prep (WA),stable,,,,,,,,0.421,,0.4,2.2,Gonzaga Prep (WA),,NBA_DRAFT,,2025-07-30 16:21:46.503949+00,,,,,,,,,,,,,,,,,,,,,,,,,,,,,,,,,,,,,,,,,,,,,,,,,,,[],,,
jaden-toombs-espn-2025,Jaden Toombs,C,Wasatch Academy (UT),ğŸ‡ºğŸ‡¸,"{""us"":""6'10"",""intl"":208}","{""us"":225,""intl"":102}",,,,20,{},,[],"[""InexperiÃªncia""]",,,2025-07-26 19:58:00.598164+00,{},2026,High School prospect - Draft Eligible 2026,false,USA,Wasatch Academy (UT),stable,,,,,,,,0.289,,2.9,1.2,Wasatch Academy (UT),,NBA_DRAFT,,2025-07-30 16:21:46.503949+00,,,,,,,,,,,,,,,,,,,,,,,,,,,,,,,,,,,,,,,,,,,,,,,,,,,[],,,
jalen-haralson-espn-2025,Jalen Haralson,SF,La Lumiere School (IN),ğŸ‡ºğŸ‡¸,N/A,N/A,,,,75,{},,[],"[""InexperiÃªncia""]",,,2025-07-26 19:58:00.598164+00,{},2026,High School prospect - Draft Eligible 2026,false,USA,La Lumiere School (IN),stable,,,,,,,,0.356,,1.4,1.7,La Lumiere School (IN),,NBA_DRAFT,,2025-07-30 16:21:46.503949+00,,,,,,,,,,,,,,,,,,,,,,,,,,,,,,,,,,,,,,,,,,,,,,,,,,,[],,,
jalen-reece-2025,Jalen Reece,PG,Paul VI (VA),ğŸ‡ºğŸ‡¸,"{""us"":""6'0"",""intl"":183}","{""us"":170,""intl"":77}",,,,36,{},,[],"[""InexperiÃªncia""]",,,2025-07-26 19:58:00.598164+00,{},2026,High School prospect - Draft Eligible 2026,false,USA,Paul VI (VA),stable,,,,,,,,0.407,,0.5,2.1,Paul VI (VA),,NBA_DRAFT,,2025-07-30 16:21:46.503949+00,,,,,,,,,,,,,,,,,,,,,,,,,,,,,,,,,,,,,,,,,,,,,,,,,,,[],,,
jamarion-batemon-2025,Jamarion Batemon,PG,Link Academy (MO),ğŸ‡ºğŸ‡¸,N/A,N/A,,,,44,{},,[],"[""InexperiÃªncia""]",,,2025-07-26 19:58:00.598164+00,{},2026,High School prospect - Draft Eligible 2026,false,USA,Link Academy (MO),stable,,,,,,,,0.385,,0.4,2.6,Link Academy (MO),,NBA_DRAFT,,2025-07-30 16:21:46.503949+00,,,,,,,,,,,,,,,,,,,,,,,,,,,,,,,,,,,,,,,,,,,,,,,,,,,[],,,
jamarion-davis-fleming-2025,Jamarion Davis-Fleming,SF,Brewster Academy (NH),ğŸ‡ºğŸ‡¸,N/A,N/A,,,,60,{},,[],"[""InexperiÃªncia""]",,,2025-07-26 19:58:00.598164+00,{},2026,High School prospect - Draft Eligible 2026,false,USA,Brewster Academy (NH),stable,,,,,,,,0.356,,1,1.9,Brewster Academy (NH),,NBA_DRAFT,,2025-07-30 16:21:46.503949+00,,,,,,,,,,,,,,,,,,,,,,,,,,,,,,,,,,,,,,,,,,,,,,,,,,,[],,,
jamier-jones-rivals-2025,Jamier Jones,SF,Link Academy (MO),ğŸ‡ºğŸ‡¸,"{""us"":""6'6"",""intl"":198}","{""us"":200,""intl"":91}",,,,22,{},,[],"[""InexperiÃªncia""]",,,2025-07-26 19:58:00.598164+00,{},2026,High School prospect - Draft Eligible 2026,false,USA,Link Academy (MO),stable,,,,,,,,0.367,,1.1,2.3,Link Academy (MO),,NBA_DRAFT,,2025-07-30 16:21:46.503949+00,,,,,,,,,,,,,,,,,,,,,,,,,,,,,,,,,,,,,,,,,,,,,,,,,,,[],,,
jasper-johnson-espn-2025,Jasper Johnson,SG,Link Academy (MO),ğŸ‡ºğŸ‡¸,"{""us"":""6'5"",""intl"":196}","{""us"":190,""intl"":86}",,,,10,{},,[],"[""InexperiÃªncia""]",,,2025-07-26 19:58:00.598164+00,{},2026,High School prospect - Draft Eligible 2026,false,USA,Link Academy (MO),stable,,,,15.1,0.9,7.4,0.579,0.333,0.867,0.2,1.2,Link Academy (MO),,NBA_DRAFT,,2025-07-30 16:21:46.503949+00,,17,257,164,93,158,2,6,65,75,125,15,427,23,3,21,0.644,,,,17.7,9.8,10.3,,0.5,27,,,,,,2.6,,,,,,,,,,,,,,,,,13,,[],"{""awards"":[""32""],""totals"":{""fg"":95,""ft"":65,""mp"":427,""pf"":28,""ast"":15,""blk"":3,""drb"":75,""fg2"":93,""fg3"":2,""fga"":164,""fta"":75,""orb"":50,""pos"":""F"",""pts"":257,""stl"":21,""tov"":23,""trb"":125,""fg2a"":158,""fg3a"":6,""class"":""JR"",""games"":17,""awards"":"""",""fg_pct"":0.579,""ft_pct"":0.867,""efg_pct"":0.585,""fg2_pct"":0.589,""fg3_pct"":0.333,""conf_abbr"":""CUSA"",""games_started"":13,""team_name_abbr"":""Southern Mississippi""},""perGame"":{""pos"":""F"",""class"":""JR"",""games"":17,""awards"":"""",""fg_pct"":0.579,""ft_pct"":0.867,""efg_pct"":0.585,""fg2_pct"":0.589,""fg3_pct"":0.333,""fg_per_g"":5.6,""ft_per_g"":3.8,""mp_per_g"":25.1,""pf_per_g"":1.6,""ast_per_g"":0.9,""blk_per_g"":0.2,""conf_abbr"":""CUSA"",""drb_per_g"":4.4,""fg2_per_g"":5.5,""fg3_per_g"":0.1,""fga_per_g"":9.6,""fta_per_g"":4.4,""orb_per_g"":2.9,""pts_per_g"":15.1,""stl_per_g"":1.2,""tov_per_g"":1.4,""trb_per_g"":7.4,""fg2a_per_g"":9.3,""fg3a_per_g"":0.4,""games_started"":13,""team_name_abbr"":""Southern Mississippi""},""perPoss"":{""mp"":427,""pos"":""F"",""class"":""JR"",""games"":17,""awards"":"""",""conf_abbr"":""CUSA"",""games_started"":13,""team_name_abbr"":""Southern Mississippi""},""advanced"":{""mp"":427,""ws"":2.6,""dws"":0.5,""ows"":2,""pos"":""F"",""class"":""JR"",""games"":17,""awards"":"""",""ts_pct"":0.644,""ast_pct"":9.8,""blk_pct"":0.5,""tov_pct"":10.3,""trb_pct"":17.7,""usg_pct"":27,""conf_abbr"":""CUSA"",""ws_per_40"":0.239,""games_started"":13,""team_name_abbr"":""Southern Mississippi"",""fta_per_fga_pct"":0.457,""fg3a_per_fga_pct"":0.037},""perMinute"":{""mp"":427,""pos"":""F"",""class"":""JR"",""games"":17,""awards"":"""",""fg_pct"":0.579,""ft_pct"":0.867,""efg_pct"":0.585,""fg2_pct"":0.589,""fg3_pct"":0.333,""conf_abbr"":""CUSA"",""fg_per_min"":8.9,""ft_per_min"":6.1,""pf_per_min"":2.6,""ast_per_min"":1.4,""blk_per_min"":0.3,""drb_per_min"":7,""fg2_per_min"":8.7,""fg3_per_min"":0.2,""fga_per_min"":15.4,""fta_per_min"":7,""orb_per_min"":4.7,""pts_per_min"":24.1,""stl_per_min"":2,""tov_per_min"":2.2,""trb_per_min"":11.7,""fg2a_per_min"":14.8,""fg3a_per_min"":0.6,""games_started"":13,""team_name_abbr"":""Southern Mississippi""}}",,
jeremiah-green-2025,Jeremiah Green,C,Roselle Catholic (NJ),ğŸ‡ºğŸ‡¸,N/A,N/A,,,,65,{},,[],"[""InexperiÃªncia""]",,,2025-07-26 19:58:00.598164+00,{},2026,High School prospect - Draft Eligible 2026,false,USA,Roselle Catholic (NJ),stable,,,,,,,,0.245,,3.4,0.9,Roselle Catholic (NJ),,NBA_DRAFT,,2025-07-30 16:21:46.503949+00,,,,,,,,,,,,,,,,,,,,,,,,,,,,,,,,,,,,,,,,,,,,,,,,,,,[],,,
jermaine-oneal-jr-2025,Jermaine O'Neal Jr.,PF,Overtime Elite,ğŸ‡ºğŸ‡¸,N/A,N/A,,,,50,{},,[],"[""InexperiÃªncia""]",,,2025-07-26 19:58:00.598164+00,{},2026,High School prospect - Draft Eligible 2026,false,USA,Overtime Elite,stable,,,,,,,,0.323,,1.8,1.4,Overtime Elite,,NBA_DRAFT,,2025-07-30 16:21:46.503949+00,,,,,,,,,,,,,,,,,,,,,,,,,,,,,,,,,,,,,,,,,,,,,,,,,,,[],,,
jordan-scott-2025,Jordan Scott,PF,Roselle Catholic (NJ),ğŸ‡ºğŸ‡¸,N/A,N/A,,,,52,{},,[],"[""InexperiÃªncia""]",,,2025-07-26 19:58:00.598164+00,{},2026,High School prospect - Draft Eligible 2026,false,USA,Roselle Catholic (NJ),stable,,,,,,,,0.334,,1.6,1.5,Roselle Catholic (NJ),,NBA_DRAFT,,2025-07-30 16:21:46.503949+00,,,,,,,,,,,,,,,,,,,,,,,,,,,,,,,,,,,,,,,,,,,,,,,,,,,[],,,
kai-rogers-2025,Kai Rogers,SG,Sol Davis Prep (TX),ğŸ‡ºğŸ‡¸,N/A,N/A,,,,53,{},,[],"[""InexperiÃªncia""]",,,2025-07-26 19:58:00.598164+00,{},2026,High School prospect - Draft Eligible 2026,false,USA,Sol Davis Prep (TX),stable,,,,,,,,0.415,,0.5,2.1,Sol Davis Prep (TX),,NBA_DRAFT,,2025-07-30 16:21:46.503949+00,,,,,,,,,,,,,,,,,,,,,,,,,,,,,,,,,,,,,,,,,,,,,,,,,,,[],,,
kareem-stagg-2025,Kareem Stagg,C,Huntington Prep (WV),ğŸ‡ºğŸ‡¸,N/A,N/A,,,,55,{},,[],"[""InexperiÃªncia""]",,,2025-07-26 19:58:00.598164+00,{},2026,High School prospect - Draft Eligible 2026,false,USA,Huntington Prep (WV),stable,,,,,,,,0.267,,3.1,1,Huntington Prep (WV),,NBA_DRAFT,,2025-07-30 16:21:46.503949+00,,,,,,,,,,,,,,,,,,,,,,,,,,,,,,,,,,,,,,,,,,,,,,,,,,,[],,,
kayden-edwards-2025,Kayden Edwards,PF,Huntington Prep (WV),ğŸ‡ºğŸ‡¸,"{""us"":""6'8"",""intl"":203}","{""us"":210,""intl"":95}",,,,32,{},,[],"[""InexperiÃªncia""]",,,2025-07-26 19:58:00.598164+00,{},2026,High School prospect - Draft Eligible 2026,false,USA,Huntington Prep (WV),stable,,,,,,,,0.334,,1.9,1.6,Huntington Prep (WV),,NBA_DRAFT,,2025-07-30 16:21:46.503949+00,,,,,,,,,,,,,,,,,,,,,,,,,,,,,,,,,,,,,,,,,,,,,,,,,,,[],,,
kayden-mingo-2025,Kayden Mingo,SF,IMG Academy (FL),ğŸ‡ºğŸ‡¸,"{""us"":""6'6"",""intl"":198}","{""us"":190,""intl"":86}",,,,25,{},,[],"[""InexperiÃªncia""]",,,2025-07-26 19:58:00.598164+00,{},2026,High School prospect - Draft Eligible 2026,false,USA,IMG Academy (FL),stable,,,,,,,,0.391,,0.8,2.3,IMG Academy (FL),,NBA_DRAFT,,2025-07-30 16:21:46.503949+00,,,,,,,,,,,,,,,,,,,,,,,,,,,,,,,,,,,,,,,,,,,,,,,,,,,[],,,
king-grace-2025,King Grace,PF,Wasatch Academy (UT),ğŸ‡ºğŸ‡¸,N/A,N/A,,,,43,{},,[],"[""InexperiÃªncia""]",,,2025-07-26 19:58:00.598164+00,{},2026,High School prospect - Draft Eligible 2026,false,USA,Wasatch Academy (UT),stable,,,,4.8,0.4,0.7,0.395,0.345,0.615,0.3,0.3,Wasatch Academy (UT),,NBA_DRAFT,,2025-07-30 16:21:46.503949+00,,31,148,129,13,19,38,110,8,13,22,11,439,13,9,9,0.547,,0.8,4.7,2.8,4.6,8.8,1.1,2.3,16.5,,,,,,1.4,,1.7,,,,,,,,,,,,,,13.5,2,,[],"{""awards"":[""25""],""totals"":{""fg"":51,""ft"":8,""mp"":439,""pf"":16,""ast"":11,""blk"":9,""drb"":19,""fg2"":13,""fg3"":38,""fga"":129,""fta"":13,""orb"":3,""pos"":""G"",""pts"":148,""stl"":9,""tov"":13,""trb"":22,""fg2a"":19,""fg3a"":110,""class"":""FR"",""games"":31,""awards"":"""",""fg_pct"":0.395,""ft_pct"":0.615,""efg_pct"":0.543,""fg2_pct"":0.684,""fg3_pct"":0.345,""conf_abbr"":""MAC"",""games_started"":2,""team_name_abbr"":""Ball State""},""perGame"":{""pos"":""G"",""class"":""FR"",""games"":31,""awards"":"""",""fg_pct"":0.395,""ft_pct"":0.615,""efg_pct"":0.543,""fg2_pct"":0.684,""fg3_pct"":0.345,""fg_per_g"":1.6,""ft_per_g"":0.3,""mp_per_g"":14.2,""pf_per_g"":0.5,""ast_per_g"":0.4,""blk_per_g"":0.3,""conf_abbr"":""MAC"",""drb_per_g"":0.6,""fg2_per_g"":0.4,""fg3_per_g"":1.2,""fga_per_g"":4.2,""fta_per_g"":0.4,""orb_per_g"":0.1,""pts_per_g"":4.8,""stl_per_g"":0.3,""tov_per_g"":0.4,""trb_per_g"":0.7,""fg2a_per_g"":0.6,""fg3a_per_g"":3.5,""games_started"":2,""team_name_abbr"":""Ball State""},""perPoss"":{""mp"":439,""pos"":""G"",""class"":""FR"",""games"":31,""awards"":"""",""fg_pct"":0.395,""ft_pct"":0.615,""def_rtg"":92.5,""efg_pct"":0.543,""fg2_pct"":0.684,""fg3_pct"":0.345,""off_rtg"":105.6,""conf_abbr"":""MAC"",""fg_per_poss"":6.5,""ft_per_poss"":1,""pf_per_poss"":2,""ast_per_poss"":1.4,""blk_per_poss"":1.1,""drb_per_poss"":2.4,""fg2_per_poss"":1.7,""fg3_per_poss"":4.8,""fga_per_poss"":16.4,""fta_per_poss"":1.7,""orb_per_poss"":0.4,""pts_per_poss"":18.8,""stl_per_poss"":1.1,""tov_per_poss"":1.7,""trb_per_poss"":2.8,""fg2a_per_poss"":2.4,""fg3a_per_poss"":14,""games_started"":2,""team_name_abbr"":""Ball State""},""advanced"":{""mp"":439,""ws"":1.4,""bpm"":1.7,""dws"":0.6,""ows"":0.8,""per"":13.5,""pos"":""G"",""dbpm"":-0.1,""obpm"":1.9,""class"":""FR"",""games"":31,""pprod"":120,""awards"":"""",""ts_pct"":0.547,""ast_pct"":4.6,""blk_pct"":2.3,""drb_pct"":4.7,""orb_pct"":0.8,""stl_pct"":1.1,""tov_pct"":8.8,""trb_pct"":2.8,""usg_pct"":16.5,""conf_abbr"":""MAC"",""ws_per_40"":0.127,""games_started"":2,""team_name_abbr"":""Ball State"",""fta_per_fga_pct"":0.101,""fg3a_per_fga_pct"":0.853},""perMinute"":{""mp"":439,""pos"":""G"",""class"":""FR"",""games"":31,""awards"":"""",""fg_pct"":0.395,""ft_pct"":0.615,""efg_pct"":0.543,""fg2_pct"":0.684,""fg3_pct"":0.345,""conf_abbr"":""MAC"",""fg_per_min"":4.6,""ft_per_min"":0.7,""pf_per_min"":1.5,""ast_per_min"":1,""blk_per_min"":0.8,""drb_per_min"":1.7,""fg2_per_min"":1.2,""fg3_per_min"":3.5,""fga_per_min"":11.8,""fta_per_min"":1.2,""orb_per_min"":0.3,""pts_per_min"":13.5,""stl_per_min"":0.8,""tov_per_min"":1.2,""trb_per_min"":2,""fg2a_per_min"":1.7,""fg3a_per_min"":10,""games_started"":2,""team_name_abbr"":""Ball State""}}",,
kingston-flemings-rivals-2025,Kingston Flemings,SF,Link Academy (MO),ğŸ‡ºğŸ‡¸,N/A,N/A,,,,74,{},,[],"[""InexperiÃªncia""]",,,2025-07-26 19:58:00.598164+00,{},2026,High School prospect - Draft Eligible 2026,false,USA,Link Academy (MO),stable,,,,,,,,0.356,,1.1,1.9,Link Academy (MO),,NBA_DRAFT,,2025-07-30 16:21:46.503949+00,,,,,,,,,,,,,,,,,,,,,,,,,,,,,,,,,,,,,,,,,,,,,,,,,,,[],,,
kiyan-anthony-247sports-2025,Kiyan Anthony,SG,Long Island Lutheran (NY),ğŸ‡ºğŸ‡¸,"{""us"":""6'5"",""intl"":196}","{""us"":180,""intl"":82}",,,,17,{},,[],"[""InexperiÃªncia""]",,,2025-07-26 19:58:00.598164+00,{},2026,High School prospect - Draft Eligible 2026,false,USA,Long Island Lutheran (NY),stable,,,,,,,,0.381,,0.7,2.1,Long Island Lutheran (NY),,NBA_DRAFT,,2025-07-30 16:21:46.503949+00,,,,,,,,,,,,,,,,,,,,,,,,,,,,,,,,,,,,,,,,,,,,,,,,,,,[],,,
koa-peat-espn-2025,Koa Peat,PF,Perry High School (AZ),ğŸ‡ºğŸ‡¸,"{""us"":""6'8"",""intl"":203}","{""us"":215,""intl"":98}",,,,5,{},,[],"[""InexperiÃªncia""]",,,2025-07-26 19:58:00.598164+00,{},2026,High School prospect - Draft Eligible 2026,false,USA,Perry High School (AZ),stable,,,,,,,,0.289,,3.2,1.1,Perry High School (AZ),,NBA_DRAFT,,2025-07-30 16:21:46.503949+00,,,,,,,,,,,,,,,,,,,,,,,,,,,,,,,,,,,,,,,,,,,,,,,,,,,[],,,
kohl-rosario-2025,Kohl Rosario,PG,Montverde Academy (FL),ğŸ‡ºğŸ‡¸,"{""us"":""6'3"",""intl"":191}","{""us"":175,""intl"":79}",,,,39,{},,[],"[""InexperiÃªncia""]",,,2025-07-26 19:58:00.598164+00,{},2026,High School prospect - Draft Eligible 2026,false,USA,Montverde Academy (FL),stable,,,,,,,,0.398,,0.4,2.3,Montverde Academy (FL),,NBA_DRAFT,,2025-07-30 16:21:46.503949+00,,,,,,,,,,,,,,,,,,,,,,,,,,,,,,,,,,,,,,,,,,,,,,,,,,,[],,,
labaron-philon,Labaron Philon,PG,Link Academy (MO),ğŸ‡ºğŸ‡¸,"{""us"":""6'4"",""intl"":193}","{""us"":180,""intl"":82}",6'7'',19,,6,{},,[],"[""InexperiÃªncia""]",,,2025-07-26 19:58:00.598164+00,{},2026,High School prospect - Draft Eligible 2026,false,USA,Link Academy (MO),stable,15,12,,10.6,3.8,3.3,0.452,0.315,0.767,0.3,1.4,Link Academy (MO),,NBA_DRAFT,,2025-07-30 16:21:46.503949+00,,37,392,314,103,190,39,124,69,90,122,140,914,64,12,50,0.549,,3.8,9.3,6.8,24.9,0.152,2.9,1.2,20.9,,,,,,3.2,,8.4,,,,,,,,,,,,,,17.7,29,,[],"{""awards"":[""0""],""totals"":{""fg"":142,""ft"":69,""mp"":914,""pf"":62,""ast"":140,""blk"":12,""drb"":90,""fg2"":103,""fg3"":39,""fga"":314,""fta"":90,""orb"":32,""pos"":""G"",""pts"":392,""stl"":50,""tov"":64,""trb"":122,""fg2a"":190,""fg3a"":124,""class"":""FR"",""games"":37,""awards"":"""",""fg_pct"":0.452,""ft_pct"":0.767,""efg_pct"":0.514,""fg2_pct"":0.542,""fg3_pct"":0.315,""conf_abbr"":""SEC"",""games_started"":29,""team_name_abbr"":""Alabama""},""perGame"":{""pos"":""G"",""class"":""FR"",""games"":37,""awards"":"""",""fg_pct"":0.452,""ft_pct"":0.767,""efg_pct"":0.514,""fg2_pct"":0.542,""fg3_pct"":0.315,""fg_per_g"":3.8,""ft_per_g"":1.9,""mp_per_g"":24.7,""pf_per_g"":1.7,""ast_per_g"":3.8,""blk_per_g"":0.3,""conf_abbr"":""SEC"",""drb_per_g"":2.4,""fg2_per_g"":2.8,""fg3_per_g"":1.1,""fga_per_g"":8.5,""fta_per_g"":2.4,""orb_per_g"":0.9,""pts_per_g"":10.6,""stl_per_g"":1.4,""tov_per_g"":1.7,""trb_per_g"":3.3,""fg2a_per_g"":5.1,""fg3a_per_g"":3.4,""games_started"":29,""team_name_abbr"":""Alabama""},""perPoss"":{""mp"":914,""pos"":""G"",""class"":""FR"",""games"":37,""awards"":"""",""fg_pct"":0.452,""ft_pct"":0.767,""def_rtg"":107.5,""efg_pct"":0.514,""fg2_pct"":0.542,""fg3_pct"":0.315,""off_rtg"":116.8,""conf_abbr"":""SEC"",""fg_per_poss"":8.2,""ft_per_poss"":4,""pf_per_poss"":3.6,""ast_per_poss"":8.1,""blk_per_poss"":0.7,""drb_per_poss"":5.2,""fg2_per_poss"":5.9,""fg3_per_poss"":2.2,""fga_per_poss"":18.1,""fta_per_poss"":5.2,""orb_per_poss"":1.8,""pts_per_poss"":22.6,""stl_per_poss"":2.9,""tov_per_poss"":3.7,""trb_per_poss"":7,""fg2a_per_poss"":10.9,""fg3a_per_poss"":7.1,""games_started"":29,""team_name_abbr"":""Alabama""},""advanced"":{""mp"":914,""ws"":3.2,""bpm"":8.4,""dws"":1.1,""ows"":2.1,""per"":17.7,""pos"":""G"",""dbpm"":4.1,""obpm"":4.3,""class"":""FR"",""games"":37,""pprod"":428,""awards"":"""",""ts_pct"":0.549,""ast_pct"":24.9,""blk_pct"":1.2,""drb_pct"":9.3,""orb_pct"":3.8,""stl_pct"":2.9,""tov_pct"":15.2,""trb_pct"":6.8,""usg_pct"":20.9,""conf_abbr"":""SEC"",""ws_per_40"":0.139,""games_started"":29,""team_name_abbr"":""Alabama"",""fta_per_fga_pct"":0.287,""fg3a_per_fga_pct"":0.395},""perMinute"":{""mp"":914,""pos"":""G"",""class"":""FR"",""games"":37,""awards"":"""",""fg_pct"":0.452,""ft_pct"":0.767,""efg_pct"":0.514,""fg2_pct"":0.542,""fg3_pct"":0.315,""conf_abbr"":""SEC"",""fg_per_min"":6.2,""ft_per_min"":3,""pf_per_min"":2.7,""ast_per_min"":6.1,""blk_per_min"":0.5,""drb_per_min"":3.9,""fg2_per_min"":4.5,""fg3_per_min"":1.7,""fga_per_min"":13.7,""fta_per_min"":3.9,""orb_per_min"":1.4,""pts_per_min"":17.2,""stl_per_min"":2.2,""tov_per_min"":2.8,""trb_per_min"":5.3,""fg2a_per_min"":8.3,""fg3a_per_min"":5.4,""games_started"":29,""team_name_abbr"":""Alabama""}}",,
london-jemison-2025,London Jemison,PG,Oak Hill Academy (VA),ğŸ‡ºğŸ‡¸,"{""us"":""6'3"",""intl"":191}","{""us"":175,""intl"":79}",,,,27,{},,[],"[""InexperiÃªncia""]",,,2025-07-26 19:58:00.598164+00,{},2026,High School prospect - Draft Eligible 2026,false,USA,Oak Hill Academy (VA),stable,,,,,,,,0.402,,0.5,2.4,Oak Hill Academy (VA),,NBA_DRAFT,,2025-07-30 16:21:46.503949+00,,,,,,,,,,,,,,,,,,,,,,,,,,,,,,,,,,,,,,,,,,,,,,,,,,,[],,,
malachi-moreno-espn-2025,Malachi Moreno,C,Overtime Elite,ğŸ‡ºğŸ‡¸,"{""us"":""7'0"",""intl"":213}","{""us"":225,""intl"":102}",,,,13,{},,[],"[""InexperiÃªncia""]",,,2025-07-26 19:58:00.598164+00,{},2026,High School prospect - Draft Eligible 2026,false,USA,Overtime Elite,stable,,,,,,,,0.267,,2.8,1.1,Overtime Elite,,NBA_DRAFT,,2025-07-30 16:21:46.503949+00,,,,,,,,,,,,,,,,,,,,,,,,,,,,,,,,,,,,,,,,,,,,,,,,,,,[],,,
meleek-thomas-espn-2025,Meleek Thomas,PG,Overtime Elite,ğŸ‡ºğŸ‡¸,N/A,N/A,,,,9,{},,[],"[""InexperiÃªncia""]",,,2025-07-26 19:58:00.598164+00,{},2026,High School prospect - Draft Eligible 2026,false,USA,Overtime Elite,stable,,,,,,,,0.389,,0.5,2.4,Overtime Elite,,NBA_DRAFT,,2025-07-30 16:21:46.503949+00,,,,,,,,,,,,,,,,,,,,,,,,,,,,,,,,,,,,,,,,,,,,,,,,,,,[],,,
michael-phillips-ii-2025,Michael Phillips II,SG,Oak Hill Academy (VA),ğŸ‡ºğŸ‡¸,N/A,N/A,,,,62,{},,[],"[""InexperiÃªncia""]",,,2025-07-26 19:58:00.598164+00,{},2026,High School prospect - Draft Eligible 2026,false,USA,Oak Hill Academy (VA),stable,,,,,,,,0.398,,0.5,2.3,Oak Hill Academy (VA),,NBA_DRAFT,,2025-07-30 16:21:46.503949+00,,,,,,,,,,,,,,,,,,,,,,,,,,,,,,,,,,,,,,,,,,,,,,,,,,,[],,,
mikel-brown-espn-2025,Mikel Brown Jr.,PG,DME Academy (NC),ğŸ‡ºğŸ‡¸,N/A,N/A,,,,67,{},,[],"[""InexperiÃªncia""]",,,2025-07-26 19:58:00.598164+00,{},2026,High School prospect - Draft Eligible 2026,false,USA,DME Academy (NC),stable,,,,,,,,0.378,,0.3,2.1,DME Academy (NC),,NBA_DRAFT,,2025-07-30 16:21:46.503949+00,,,,,,,,,,,,,,,,,,,,,,,,,,,,,,,,,,,,,,,,,,,,,,,,,,,[],,,
mouhamed-sylla-espn-2025,Mouhamed Sylla,C,Overtime Elite,ğŸ‡¸ğŸ‡³,"{""us"":""6'11"",""intl"":211}","{""us"":230,""intl"":104}",,,,21,{},,[],"[""InexperiÃªncia""]",,,2025-07-26 19:58:00.598164+00,{},2026,High School prospect - Draft Eligible 2026,false,USA,Overtime Elite,stable,,,,,,,,0.245,,3.7,1,Overtime Elite,,NBA_DRAFT,,2025-07-30 16:21:46.503949+00,,,,,,,,,,,,,,,,,,,,,,,,,,,,,,,,,,,,,,,,,,,,,,,,,,,[],,,
nate-ament-espn-2025,Nate Ament,SF,Highland School (VA),ğŸ‡ºğŸ‡¸,N/A,N/A,,,,71,{},,[],"[""InexperiÃªncia""]",,,2025-07-26 19:58:00.598164+00,{},2026,High School prospect - Draft Eligible 2026,false,USA,Highland School (VA),stable,,,,,,,,0.356,,1.6,2.3,Highland School (VA),,NBA_DRAFT,,2025-07-30 16:21:46.503949+00,,,,,,,,,,,,,,,,,,,,,,,,,,,,,,,,,,,,,,,,,,,,,,,,,,,[],,,
nathan-mariano,Nathan Mariano,,,,,,,,,,,,,,,,2025-08-14 03:23:16.652332+00,,,,,,,,,,,0,0,0,0,0,0,0,0,,,,,2025-08-14 03:23:16.652332+00,,,,,,,,,,,,,,,,,,,,,,,,,,,,,,,,,,,,,,,,,,,,,,,,,,,[],,,
nick-randall-2025,Nick Randall,SG,Montverde Academy (FL),ğŸ‡ºğŸ‡¸,N/A,N/A,,,,48,{},,[],"[""InexperiÃªncia""]",,,2025-07-26 19:58:00.598164+00,{},2026,High School prospect - Draft Eligible 2026,false,USA,Montverde Academy (FL),stable,,,,,,,,0.435,,0.5,1.8,Montverde Academy (FL),,NBA_DRAFT,,2025-07-30 16:21:46.503949+00,,,,,,,,,,,,,,,,,,,,,,,,,,,,,,,,,,,,,,,,,,,,,,,,,,,[],,,
nigel-james-2025,Nigel James,SF,Brewster Academy (NH),ğŸ‡ºğŸ‡¸,"{""us"":""6'6"",""intl"":198}","{""us"":195,""intl"":88}",,,,37,{},,[],"[""InexperiÃªncia""]",,,2025-07-26 19:58:00.598164+00,{},2026,High School prospect - Draft Eligible 2026,false,USA,Brewster Academy (NH),stable,,,,,,,,0.378,,0.9,2,Brewster Academy (NH),,NBA_DRAFT,,2025-07-30 16:21:46.503949+00,,,,,,,,,,,,,,,,,,,,,,,,,,,,,,,,,,,,,,,,,,,,,,,,,,,[],,,
nigel-walls-2025,Nigel Walls,PF,Oak Hill Academy (VA),ğŸ‡ºğŸ‡¸,N/A,N/A,,,,40,{},,[],"[""InexperiÃªncia""]",,,2025-07-26 19:58:00.598164+00,{},2026,High School prospect - Draft Eligible 2026,false,USA,Oak Hill Academy (VA),stable,,,,,,,,0.345,,1.3,1.7,Oak Hill Academy (VA),,NBA_DRAFT,,2025-07-30 16:21:46.503949+00,,,,,,,,,,,,,,,,,,,,,,,,,,,,,,,,,,,,,,,,,,,,,,,,,,,[],,,
patton-pinkins-2025,Patton Pinkins,PG,Paul VI (VA),ğŸ‡ºğŸ‡¸,N/A,N/A,,,,64,{},,[],"[""InexperiÃªncia""]",,,2025-07-26 19:58:00.598164+00,{},2026,High School prospect - Draft Eligible 2026,false,USA,Paul VI (VA),stable,,,,,,,,0.385,,0.3,2.4,Paul VI (VA),,NBA_DRAFT,,2025-07-30 16:21:46.503949+00,,,,,,,,,,,,,,,,,,,,,,,,,,,,,,,,,,,,,,,,,,,,,,,,,,,[],,,
reynan-santos-brasil-2026,Reynan Santos,SG,Mexico City Capitanes,ğŸ‡§ğŸ‡·,"6'4""",187 lb (85kg),"6'6.5""",21,,79,"{""advanced"":{""PER"":15.57,""PPR"":-4.33,""TS%"":0.503,""AST%"":16.88,""BLK%"":0.34,""DRB%"":17.12,""DRtg"":104.9,""ORB%"":5.15,""ORtg"":100.2,""PP S"":1.14,""STL%"":1.38,""TOV%"":14.84,""TRB%"":11.08,""USG%"":30.38,""eFG%"":0.462,""Total S %"":143.09}}",,"[""Defensor de elite no perÃ­metro, tanto no um-contra-um quanto fora da bola."",""Motor e nÃ­vel de energia altos durante todo o jogo."",""Fisicamente forte e atlÃ©tico, com bom poder de finalizaÃ§Ã£o ao redor do aro."",""Ã“timo em pressionar a defesa e atacar a cesta em transiÃ§Ã£o."",""ExperiÃªncia em competiÃ§Ãµes de alto nÃ­vel (NBB, OTE, FIBA).""]","[""ConsistÃªncia do arremesso de longa distÃ¢ncia."",""MecÃ¢nica do arremesso pode ser um problema (ponto de lanÃ§amento baixo)."",""Necessita de maior refinamento no jogo ofensivo de meia-quadra.""]",,,2025-07-26 19:58:00.598164+00,{},2026,ElegÃ­vel,true,BRAZIL,Mexico City Capitanes,stable,,,,14.6,2.1,4.8,,0.367,,1.6,1.4,Mexico City Capitanes,,NBB,,2025-08-03 18:07:46.203678+00,,40,583,1394,135,296,68,217,109,151,192,85,1050.2,101,3,26,0.503,0.462,5.15,17.12,11.08,16.88,14.84,1.38,0.34,30.38,143.09,-4.33,1.14,100.2,104.9,,,,7,7,7,5,6,8,7,7,7,7,6,7,2026,15.57,,8,[],,,NBB
ryder-frost-2025,Ryder Frost,PG,Paul VI (VA),ğŸ‡ºğŸ‡¸,N/A,N/A,,,,49,{},,[],"[""InexperiÃªncia""]",,,2025-07-26 19:58:00.598164+00,{},2026,High School prospect - Draft Eligible 2026,false,USA,Paul VI (VA),stable,,,,,,,,0.398,,0.4,2.3,Paul VI (VA),,NBA_DRAFT,,2025-07-30 16:21:46.503949+00,,,,,,,,,,,,,,,,,,,,,,,,,,,,,,,,,,,,,,,,,,,,,,,,,,,[],,,
salim-london-2025,Salim London,PG,Prolific Prep (CA),ğŸ‡ºğŸ‡¸,N/A,N/A,,,,59,{},,[],"[""InexperiÃªncia""]",,,2025-07-26 19:58:00.598164+00,{},2026,High School prospect - Draft Eligible 2026,false,USA,Prolific Prep (CA),stable,,,,,,,,0.389,,0.4,2.5,Prolific Prep (CA),,NBA_DRAFT,,2025-07-30 16:21:46.503949+00,,,,,,,,,,,,,,,,,,,,,,,,,,,,,,,,,,,,,,,,,,,,,,,,,,,[],,,
samis-calderon-latinbasket,Samis Calderon,"PF
",Universidade do Kansas,ğŸ‡§ğŸ‡·,"{""us"":""6'8"",""intl"":203}","{""us"":200,""intl"":91}","7'3""",20,,83,,,"[""Atletismo de elite"",""Comprimento excepcional (7'3\"" de envergadura)"",""FÃ­sico forte e definido"",""Versatilidade defensiva (defende mÃºltiplas posiÃ§Ãµes)"",""Capacidade de pontuar em quadra aberta"",""Facilidade de salto"",""Cobre a quadra eficazmente""]","[""ConsistÃªncia no arremesso"",""Manuseio de bola avanÃ§ado"",""CriaÃ§Ã£o ofensiva em meia quadra""]",,,2025-08-02 23:36:48.306441+00,,2026,ElegÃ­vel,true,BRAZIL,Universidade do Kansas,,,84,82,10.6,2.7,5.7,0,0.311,0.756,1.5,0.7,Overtime Elite,,NBA_DRAFT,LatinBasket_Scraping,2025-08-03 18:12:42.516067+00,,20,211,155,53,81,23,74,34,45,113,53,514,54,30,13,0,0,0,0,0,0,0,0,0,0,,,,0,0,0,0,0,9,7,8,4,4,8,6,5,7,8,6,7,,18.8,,7,[],,,
sebastian-wilkins-duke-2025,Sebastian Wilkins,PF,Montverde Academy (FL),ğŸ‡ºğŸ‡¸,"{""us"":""6'8"",""intl"":203}","{""us"":210,""intl"":95}",,,,19,{},,[],"[""InexperiÃªncia""]",,,2025-07-26 19:58:00.598164+00,{},2026,High School prospect - Draft Eligible 2026,false,USA,Montverde Academy (FL),stable,,,,,,,,0.321,,1.8,1.6,Montverde Academy (FL),,NBA_DRAFT,,2025-07-30 16:21:46.503949+00,,,,,,,,,,,,,,,,,,,,,,,,,,,,,,,,,,,,,,,,,,,,,,,,,,,[],,,
sebastian-williams-adams-2025,Sebastian Williams-Adams,SF,Brewster Academy (NH),ğŸ‡ºğŸ‡¸,"{""us"":""6'6"",""intl"":198}","{""us"":195,""intl"":88}",,,,28,{},,[],"[""InexperiÃªncia""]",,,2025-07-26 19:58:00.598164+00,{},2026,High School prospect - Draft Eligible 2026,false,USA,Brewster Academy (NH),stable,,,,,,,,0.367,,1.1,2,Brewster Academy (NH),,NBA_DRAFT,,2025-07-30 16:21:46.503949+00,,,,,,,,,,,,,,,,,,,,,,,,,,,,,,,,,,,,,,,,,,,,,,,,,,,[],,,
shelton-henderson-rivals-2025,Shelton Henderson,SF,Montverde Academy (FL),ğŸ‡ºğŸ‡¸,N/A,N/A,,,,73,{},,[],"[""InexperiÃªncia""]",,,2025-07-26 19:58:00.598164+00,{},2026,High School prospect - Draft Eligible 2026,false,USA,Montverde Academy (FL),stable,,,,,,,,0.345,,1.4,1.6,Montverde Academy (FL),,NBA_DRAFT,,2025-07-30 16:21:46.503949+00,,,,,,,,,,,,,,,,,,,,,,,,,,,,,,,,,,,,,,,,,,,,,,,,,,,[],,,
tee-barlett-2025,Tee Barlett,SF,IMG Academy (FL),ğŸ‡ºğŸ‡¸,N/A,N/A,,,,58,{},,[],"[""InexperiÃªncia""]",,,2025-07-26 19:58:00.598164+00,{},2026,High School prospect - Draft Eligible 2026,false,USA,IMG Academy (FL),stable,,,,,,,,0.367,,0.9,1.8,IMG Academy (FL),,NBA_DRAFT,,2025-07-30 16:21:46.503949+00,,,,,,,,,,,,,,,,,,,,,,,,,,,,,,,,,,,,,,,,,,,,,,,,,,,[],,,
tounde-yessoufou-espn-2025,Tounde Yessoufou,SF,Saint Joseph High School (CA),ğŸ‡ºğŸ‡¸,N/A,N/A,,,,68,{},,[],"[""InexperiÃªncia""]",,,2025-07-26 19:58:00.598164+00,{},2026,High School prospect - Draft Eligible 2026,false,USA,Saint Joseph High School (CA),stable,,,,,,,,0.334,,1.2,1.8,Saint Joseph High School (CA),,NBA_DRAFT,,2025-07-30 16:21:46.503949+00,,,,,,,,,,,,,,,,,,,,,,,,,,,,,,,,,,,,,,,,,,,,,,,,,,,[],,,
tre-johnson-espn-2025,Tre Johnson,SG,Link Academy (MO),ğŸ‡ºğŸ‡¸,"{""us"":""6'6"",""intl"":198}","{""us"":195,""intl"":88}",,,,14,{},,[],"[""InexperiÃªncia""]",,,2025-07-26 19:58:00.598164+00,{},2026,High School prospect - Draft Eligible 2026,false,USA,Link Academy (MO),stable,,,,,,,,0.418,,0.3,1.9,Link Academy (MO),,NBA_DRAFT,,2025-07-30 16:21:46.503949+00,,,,,,,,,,,,,,,,,,,,,,,,,,,,,,,,,,,,,,,,,,,,,,,,,,,[],,,
trent-sisley-2025,Trent Sisley,SG,Heritage Christian (IN),ğŸ‡ºğŸ‡¸,"{""us"":""6'5"",""intl"":196}","{""us"":185,""intl"":84}",,,,33,{},,[],"[""InexperiÃªncia""]",,,2025-07-26 19:58:00.598164+00,{},2026,High School prospect - Draft Eligible 2026,false,USA,Heritage Christian (IN),stable,,,,,,,,0.421,,0.7,2.3,Heritage Christian (IN),,NBA_DRAFT,,2025-07-30 16:21:46.503949+00,,,,,,,,,,,,,,,,,,,,,,,,,,,,,,,,,,,,,,,,,,,,,,,,,,,[],,,
trey-mckenney-espn-2025,Trey McKenney,SF,St. Mary's Preparatory (MI),ğŸ‡ºğŸ‡¸,N/A,N/A,,,,76,{},,[],"[""InexperiÃªncia""]",,,2025-07-26 19:58:00.598164+00,{},2026,High School prospect - Draft Eligible 2026,false,USA,St. Mary's Preparatory (MI),stable,,,,,,,,0.312,,1.8,1.9,St. Mary's Preparatory (MI),,NBA_DRAFT,,2025-07-30 16:21:46.503949+00,,,,,,,,,,,,,,,,,,,,,,,,,,,,,,,,,,,,,,,,,,,,,,,,,,,[],,,
winicius-silva-braga-lnb,Winicius Silva Braga,C,KTO Minas,ğŸ‡§ğŸ‡·,"{""us"":""6'9"",""intl"":206}","{""us"":198,""intl"":90}",7'2'',20,,80,,,,,,,2025-08-02 18:06:29.05419+00,,2026,,,BRAZIL,KTO Minas,,,,,7.4,0.8,5.5,0.518,0.405,0.7,0.3,2.4,KTO Minas,,NBA_DRAFT,LNB_Scraping,2025-08-02 19:01:19.18+00,,40,346,245,112,208,15,37,77,110,257,36,715.1,61,37,30,0.59,0.549,17,24.7,21,8.9,17.2,2.3,6,22.9,162.4,-5.1,1.4,113.6,90.6,,,,,,,,,,,,,,,,,23,,,[],,,
winters-grady-rivals-2025,Winters Grady,SF,Prolific Prep (CA),ğŸ‡ºğŸ‡¸,N/A,N/A,,,,77,{},,[],"[""InexperiÃªncia""]",,,2025-07-26 19:58:00.598164+00,{},2026,High School prospect - Draft Eligible 2026,false,USA,Prolific Prep (CA),stable,,,,,,,,0.334,,1.2,2.3,Prolific Prep (CA),,NBA_DRAFT,,2025-07-30 16:21:46.503949+00,,,,,,,,,,,,,,,,,,,,,,,,,,,,,,,,,,,,,,,,,,,,,,,,,,,[],,,
xzavion-mitchell-2025,Xzavion Mitchell,SF,Link Academy (MO),ğŸ‡ºğŸ‡¸,N/A,N/A,,,,54,{},,[],"[""InexperiÃªncia""]",,,2025-07-26 19:58:00.598164+00,{},2026,High School prospect - Draft Eligible 2026,false,USA,Link Academy (MO),stable,,,,,,,,0.378,,0.8,2,Link Academy (MO),,NBA_DRAFT,,2025-07-30 16:21:46.503949+00,,,,,,,,,,,,,,,,,,,,,,,,,,,,,,,,,,,,,,,,,,,,,,,,,,,[],,,
zymicah-wilkins-2025,Zymicah Wilkins,SG,Wasatch Academy (UT),ğŸ‡ºğŸ‡¸,"{""us"":""6'5"",""intl"":196}","{""us"":185,""intl"":84}",,,,30,{},,[],"[""InexperiÃªncia""]",,,2025-07-26 19:58:00.598164+00,{},2026,High School prospect - Draft Eligible 2026,false,USA,Wasatch Academy (UT),stable,,,,,,,,0.415,,0.4,2.2,Wasatch Academy (UT),,NBA_DRAFT,,2025-07-30 16:21:46.503949+00,,,,,,,,,,,,,,,,,,,,,,,,,,,,,,,,,,,,,,,,,,,,,,,,,,,[],,,